Fandom,Type,Total Works,Excluding Crossovers,Total Fix-It Fics,Fix-It Fics without Crossovers
Portal (Video Game),Video Games,1354,1025,1,0
The Creatures | Cow Chop RPF,Celebrities *a* Real People,1194,1120,1,0
Hunger Games Series - All Media Types,Books *a* Literature,10652,9006,54,41
Gotham (TV),TV Shows,8885,8548,177,172
Political RPF,Celebrities *a* Real People,2527,1983,7,3
The Avengers (Marvel) - All Media Types,Movies,165337,138884,5093,4403
All For The Game - Nora Sakavic,Books *a* Literature,5479,5315,11,6
YG Entertainment | YG Family,Music *a* Bands,5786,5588,0,0
Free!,Anime *a* Manga,16334,15566,9,8
Le Fantôme de l'Opéra | Phantom of the Opera & Related Fandoms,Books *a* Literature,2330,1931,20,14
The Adventure Zone (Podcast),Other Media,8714,8509,39,36
Doctor Who & Related Fandoms,Other Media,71605,58547,1013,838
Deadpool - All Media Types,Cartoons *a* Comics *a* Graphic Novels,8694,7404,52,40
Supergirl (TV 2015),TV Shows,26624,25414,365,344
The Wizard of Oz & Related Fandoms,TV Shows,1937,1498,11,8
Red Hood and the Outlaws (Comics),Cartoons *a* Comics *a* Graphic Novels,4075,3542,65,48
The Dresden Files - Jim Butcher,Books *a* Literature,1790,1195,8,6
全职高手 - 蝴蝶蓝 | Quánzhí Gāoshǒu - Húdié Lán,Books *a* Literature,9010,7402,9,0
Mass Effect - All Media Types,Cartoons *a* Comics *a* Graphic Novels,21534,20459,175,169
Pocket Monsters | Pokemon - All Media Types,Anime *a* Manga,18966,16162,40,26
Charmed (TV 1998),TV Shows,1195,696,20,9
How to Get Away with Murder,TV Shows,2151,2062,19,18
Gorillaz,Music *a* Bands,1709,1596,9,7
Mad Max Series (Movies),Movies,2629,2376,70,66
Girl Genius (Webcomic),Cartoons *a* Comics *a* Graphic Novels,1041,965,0,0
Harry Potter - J. K. Rowling,Books *a* Literature,226821,203214,3737,3257
Dark Angel (TV),TV Shows,1337,987,4,2
Dungeons & Dragons - All Media Types,Books *a* Literature,16404,14760,260,248
All That Jazz (1979),Uncategorized Fandoms,0,0,0,0
幽☆遊☆白書 | YuYu Hakusho: Ghost Files,Anime *a* Manga,2262,1826,7,3
Hannibal (TV),TV Shows,22039,19602,393,344
Wonder Woman - All Media Types,Movies,2392,1906,141,124
Monkey King Kids (2010),Uncategorized Fandoms,0,0,0,0
Jessica Jones (TV),TV Shows,1830,1528,25,23
James Bond (Craig movies),Books *a* Literature,10013,8040,183,147
My Little Pony,Cartoons *a* Comics *a* Graphic Novels,3139,2226,8,5
Teen Titans (Animated Series),Cartoons *a* Comics *a* Graphic Novels,2386,2057,8,5
Bleach,Anime *a* Manga,13524,12198,156,131
Bones (TV),TV Shows,1946,1396,10,5
Band of Brothers,TV Shows,2803,2532,10,9
RIORDAN Rick - Works,Books *a* Literature,17423,15117,129,101
Raising Dion (2019),Uncategorized Fandoms,0,0,0,0
Mass Effect Trilogy,Video Games,18093,17191,160,154
From Dusk Till Dawn: The Series,TV Shows,1191,1141,7,7
Tokyo Ghoul,Anime *a* Manga,6924,6189,35,27
Dragon Age: Origins - Awakening,Video Games,1550,1519,16,15
Peter Pan & Related Fandoms,Books *a* Literature,1618,1042,5,1
偶像练习生 | Idol Producer (TV),TV Shows,6126,4831,0,0
d'Artagnan Romances (Three Musketeers Series) - All Media Types,Movies,5929,5580,14,13
HAUNT (2019),Uncategorized Fandoms,0,0,0,0
PIERCE Tamora - Works,Books *a* Literature,2844,2697,7,7
Saint Seiya,Anime *a* Manga,3485,3367,10,8
Les Misérables - All Media Types,Theater,20213,19132,594,568
Outlander & Related Fandoms,TV Shows,2348,2153,1,0
The Eagle - Ambiguous Fandom,TV Shows,1048,963,1,1
Les Misérables - Victor Hugo,Books *a* Literature,5964,5696,351,338
VIXX,Music *a* Bands,5404,5308,0,0
Smallville,Cartoons *a* Comics *a* Graphic Novels,10315,9474,62,59
The Social Network (2010),Movies,1848,1607,102,95
Twenty One Pilots,Music *a* Bands,9079,8256,5,4
Minecraft (Video Game),Celebrities *a* Real People,1958,1278,7,4
Rockman | Mega Man - All Media Types,Video Games,1552,1326,7,5
The Hobbit - J. R. R. Tolkien,Books *a* Literature,9960,9384,446,425
Avatar: Legend of Korra,Cartoons *a* Comics *a* Graphic Novels,8926,7391,14,8
Rhett & Link,Other Media,3373,3326,0,0
Being Human (UK),TV Shows,1507,820,8,4
Pentagon (Korea Band),Music *a* Bands,1058,1032,0,0
Burn Notice,TV Shows,1001,777,15,12
Alien Series,Movies,1206,726,19,12
Guardians of Childhood & Related Fandoms,Movies,8371,5083,28,15
Ouran High School Host Club - All Media Types,TV Shows,2714,2169,3,1
The Vampire Diaries (TV),TV Shows,9847,8449,105,80
Pocket Monsters SPECIAL | Pokemon Adventures,Anime *a* Manga,1054,983,1,1
A Series of Unfortunate Events - Lemony Snicket,Books *a* Literature,1158,492,25,3
d'Artagnan Romances (Three Musketeers Series) - All Media Types,Books *a* Literature,5929,5580,14,13
Devil May Cry,Anime *a* Manga,5163,4598,21,17
Ghostbusters - All Media Types,Cartoons *a* Comics *a* Graphic Novels,3156,2846,7,5
モブサイコ100 | Mob Psycho 100,Anime *a* Manga,5122,4907,1,1
Dangan Ronpa - All Media Types,Books *a* Literature,21150,19827,123,116
Star Wars: Queen Amidala Series - E.K. Johnston (2019),Uncategorized Fandoms,0,0,0,0
CLAMP - Works,Anime *a* Manga,5867,5061,37,25
Percy Jackson and the Olympians & Related Fandoms - All Media Types,Books *a* Literature,20159,17216,145,114
Smosh,Other Media,1030,991,0,0
The Creatures | Cow Chop RPF,Other Media,1194,1120,1,0
Sherlock (TV) RPF,Celebrities *a* Real People,1259,838,2,1
人渣反派自救系统 - 墨香铜臭 | The Scum Villain's Self-Saving System - Mòxiāng Tóngxiù,Books *a* Literature,2682,2492,53,49
Wonder Woman - All Media Types,Cartoons *a* Comics *a* Graphic Novels,2392,1906,141,124
Game of Thrones (TV),TV Shows,39502,37200,1423,1378
Deltarune (Video Game),Video Games,1103,680,4,2
One Direction (Band),Music *a* Bands,57847,52310,31,24
Haven (TV),TV Shows,1643,1495,42,42
Justice League (2017),Movies,1032,947,15,15
KinKi Kids,Music *a* Bands,1035,1018,0,0
Farscape,TV Shows,1394,1139,3,1
The Penumbra Podcast,Other Media,1476,1448,18,18
World Wrestling Entertainment,Other Media,11258,10819,25,25
Spider-Man: Into the Spider-Verse (2018),Movies,1439,1325,20,18
The West Wing,TV Shows,7329,6798,5,2
My Chemical Romance,Music *a* Bands,15192,12682,3,1
Ghost (Sweden Band),Music *a* Bands,1298,1191,1,1
Suicide Squad (2016),Movies,1509,1281,23,20
Don't Starve (Video Game),Video Games,1084,1027,0,0
Heathers (1988),Movies,1165,156,30,3
Ancient Greek Religion & Lore,Books *a* Literature,3681,1835,29,2
Kamen Rider - All Media Types,TV Shows,3936,3658,22,21
Daredevil (TV),TV Shows,10969,10181,123,110
Gossip Girl (TV 2007),TV Shows,1223,990,10,7
王者荣耀 | King of Glory (Video Game),Video Games,1682,1624,0,0
Black Sails,TV Shows,4113,3987,112,107
Dracula & Related Fandoms,Movies,2871,2109,16,11
The Eagle - Ambiguous Fandom,Books *a* Literature,1048,963,1,1
The Devil Wears Prada (2006),Movies,2081,1927,1,1
The Eagle | The Eagle of the Ninth - All Media Types,Movies,1045,961,1,1
Sherlock (TV),TV Shows,113593,102579,1203,1101
Assassin's Creed - All Media Types,Cartoons *a* Comics *a* Graphic Novels,8365,7379,169,136
Object and Concept Anthropomorphism,Other Media,1412,1086,6,3
IT (Movies - Muschietti),Movies,11361,2831,1314,307
Kamen Rider - All Media Types,Movies,3936,3658,22,21
Battlestar Galactica - All Media Types,TV Shows,5787,5084,36,31
The Silmarillion and other histories of Middle-Earth - J. R. R. Tolkien,Books *a* Literature,13174,12676,120,109
The Musketeers (2014),TV Shows,5448,5206,13,12
Labyrinth (1986),Movies,2559,1942,9,2
Star Trek RPF,Celebrities *a* Real People,2126,1852,1,1
The Dragon Prince (Cartoon),Cartoons *a* Comics *a* Graphic Novels,2266,2180,22,22
Undertale (Video Game),Video Games,30557,28392,45,36
第三凶間｜Synesthesia (2006),Uncategorized Fandoms,0,0,0,0
Marvel Cinematic Universe,TV Shows,323270,285737,7123,6290
Deadpool (Movieverse),Movies,1695,1486,23,19
Fringe (TV),TV Shows,1795,1493,10,7
World of Warcraft,Video Games,5143,4721,47,43
Fantastic Four,Cartoons *a* Comics *a* Graphic Novels,1807,1433,13,6
LOONA (Korea Band),Music *a* Bands,2073,2022,0,0
Tales of Zestiria,Video Games,1828,1787,5,5
Antichrist (2009),Uncategorized Fandoms,0,0,0,0
Assassin's Creed - All Media Types,Books *a* Literature,8365,7379,169,136
Dungeons & Dragons (Roleplaying Game),Other Media,3927,2649,12,9
Elder Scrolls V: Skyrim,Video Games,6351,5486,24,18
Hamilton - Miranda,Theater,16947,14467,81,62
Terminator - All Media Types,Movies,1472,1111,27,24
Law & Order: SVU,TV Shows,6816,6048,58,55
NCIS,TV Shows,15316,12746,80,67
Doctor Who (2005),TV Shows,37022,31697,663,581
InuYasha - A Feudal Fairy Tale,Anime *a* Manga,6064,4578,15,5
Professional Wrestling,Other Media,13364,12838,31,31
Divergent - All Media Types,Books *a* Literature,1241,985,11,9
Persona 4,Video Games,4458,4137,27,26
Eureka (TV),TV Shows,1105,777,19,12
The Magnificent Seven (TV),TV Shows,3731,3233,1,0
TWICE (Band),Music *a* Bands,4021,3903,0,0
Transformers - All Media Types,Movies,32309,30969,202,188
In the Loop (2009) & The Thick of It,TV Shows,1051,807,5,4
The Lord of the Rings (Movies),Movies,5167,4597,53,48
Rockman | Mega Man - All Media Types,Anime *a* Manga,1552,1326,7,5
Men's Football RPF,Celebrities *a* Real People,13818,13638,11,11
Promare (2019),Anime *a* Manga,1015,987,0,0
Religion & Lore - Ambiguous Fandom,Books *a* Literature,3437,865,55,0
The Good Wife (TV),TV Shows,1154,914,5,3
Venom (Movie 2018),Movies,3741,3475,29,24
Shin Megami Tensei Series,Video Games,18138,16873,341,328
Superman (Comics),Cartoons *a* Comics *a* Graphic Novels,1288,1185,11,10
Holby City,TV Shows,3010,2861,69,68
The Walking Dead (Telltale Video Game),Video Games,1599,1487,16,16
Music RPF,Music *a* Bands,53065,40855,50,30
Final Fantasy VIII,Video Games,2011,1698,7,4
Star Wars: Rise of Empire Era - All Media Types,Books *a* Literature,17764,16898,651,634
Rhett & Link,Celebrities *a* Real People,3374,3327,0,0
The Terror (TV 2018),TV Shows,1264,892,83,52
Iron Man (Comics),Cartoons *a* Comics *a* Graphic Novels,1376,1109,57,48
The Professionals (TV 1977),TV Shows,2898,2699,0,0
Produce 101 (TV),Celebrities *a* Real People,4550,4344,1,1
Guardians of Childhood & Related Fandoms,Books *a* Literature,8374,5086,28,15
Blake's 7,TV Shows,2860,2607,19,18
剑侠情缘 | Jianxiaqingyuan | JX (Video Games),Video Games,1216,1157,0,0
Carry On Series - Rainbow Rowell,Books *a* Literature,4315,4131,24,22
Sanders Sides (Web Series),Other Media,14260,12425,7,5
Fate/stay night & Related Fandoms,Video Games,6279,5510,31,20
陰陽師 | Onmyoji (Video Game),Video Games,1784,1720,2,2
The Magnus Archives (Podcast),Other Media,3619,3460,53,52
Super Dangan Ronpa 2,Video Games,6206,5855,40,37
Tangled (2010),Movies,1952,1005,7,4
Tennis no Oujisama | Prince of Tennis,TV Shows,5181,4887,3,2
The Big Bang Theory (TV),TV Shows,2037,1661,9,6
Spider-Man - All Media Types,Movies,37050,32915,685,616
Assassin's Creed - All Media Types,Video Games,8365,7379,169,136
Little Witch Academia,Anime *a* Manga,1380,1268,0,0
Death Note & Related Fandoms,Anime *a* Manga,5923,5216,95,83
Highlander: The Series,Movies,4995,3149,35,11
Dracula & Related Fandoms,TV Shows,2871,2109,16,11
Eddsworld - All Media Types,Cartoons *a* Comics *a* Graphic Novels,2426,2326,1,1
Lucifer (TV),TV Shows,5997,5167,69,50
Fate/Grand Order,Video Games,3488,3203,17,9
ダイヤのA | Daiya no A | Ace of Diamond,Anime *a* Manga,6222,5987,6,6
Andi Mack (TV),TV Shows,2312,2278,26,26
Mamamoo,Music *a* Bands,1118,1063,0,0
MacGyver (TV 2016),TV Shows,2110,1946,21,19
Lego - All Media Types,Cartoons *a* Comics *a* Graphic Novels,2789,2575,9,7
The Shadowhunter Chronicles - All Media Types,Movies,32985,31564,353,336
Percy Jackson and the Olympians - Rick Riordan,Movies,14343,12388,119,93
Captain America - All Media Types,Cartoons *a* Comics *a* Graphic Novels,87508,78263,1900,1692
Batman - All Media Types,Movies,43713,39356,405,354
TFBOYS (Band),Music *a* Bands,1212,1124,0,0
Lewis (TV),TV Shows,2306,2170,2,2
Sleeping Beauty - All Media Types,Books *a* Literature,1344,1024,8,4
1960s Music Scene RPF,Music *a* Bands,3310,2752,21,21
Tron - All Media Types,Cartoons *a* Comics *a* Graphic Novels,1283,1138,5,3
Nightwing (Comics),Cartoons *a* Comics *a* Graphic Novels,4112,3692,52,51
Star Wars Legends - All Media Types,Video Games,8867,8485,138,133
Good Omens - Neil Gaiman & Terry Pratchett,Books *a* Literature,20982,5163,69,3
Peaky Blinders (TV),TV Shows,1596,1503,10,10
Video Blogging RPF,Other Media,69360,63736,49,13
Newsies (1992),Movies,2487,2391,1,1
Community (TV),TV Shows,2017,1820,17,16
霹靂布袋戲 | Pili Glove Puppetry (TV),TV Shows,1622,1548,0,0
The Losers (2010),Movies,1852,1285,30,7
Pride and Prejudice & Related Fandoms,TV Shows,2499,2074,6,4
Minecraft (Video Game),Other Media,1958,1278,7,4
Emmerdale,TV Shows,7171,7128,26,26
Multi-Fandom,Other Media,1188,330,6,0
SKAM (France),TV Shows,1334,1234,3,3
Star Wars: The Clone Wars (2008) - All Media Types,Cartoons *a* Comics *a* Graphic Novels,8591,8261,373,363
Fire Emblem: Kakusei | Fire Emblem: Awakening,Video Games,6699,6235,6,6
James Bond (Craig movies),Movies,10013,8040,183,147
Romeo And Juliet - All Media Types,Movies,1361,1196,22,18
琅琊榜 | Nirvana in Fire (TV),TV Shows,1596,1484,45,42
Teenage Mutant Ninja Turtles - All Media Types,Movies,6693,6255,20,17
MAAS Sarah J. - Works,Books *a* Literature,3728,3645,10,10
Throne of Glass Series - Sarah J. Maas,Books *a* Literature,1137,1111,6,6
Yu-Gi-Oh! Zexal,Anime *a* Manga,1668,1617,3,2
The Voice RPF,TV Shows,1214,814,6,0
The Maze Runner Series - All Media Types,Movies,5448,4949,112,97
Batman (Movies - Nolan),Movies,3389,2677,20,14
Fabula Nova Crystallis: Final Fantasy,Video Games,2089,1883,13,13
Doctor Strange (2016),Movies,4514,3890,152,129
Young Justice - All Media Types,Cartoons *a* Comics *a* Graphic Novels,9598,8809,130,116
魔道祖师 | Módào Zǔshī (Cartoon),Books *a* Literature,1703,141,59,0
Downton Abbey,TV Shows,3676,3449,58,54
Lost Girl (TV),TV Shows,1205,1008,10,10
全职高手 | The King's Avatar (Cartoon),Cartoons *a* Comics *a* Graphic Novels,1705,141,9,0
Sonic the Hedgehog (Video Games),Video Games,1443,1189,11,11
Aladdin(2019),Uncategorized Fandoms,0,0,0,0
Gilmore Girls,TV Shows,1959,1640,38,35
摩尔庄园2：海妖宝藏 | Legend of the Moles: The Treasure of Scylla (2012),Uncategorized Fandoms,0,0,0,0
Disney - All Media Types,Cartoons *a* Comics *a* Graphic Novels,38871,31475,376,317
Oz (TV),TV Shows,1454,1238,6,6
KAT-TUN (Band),TV Shows,1790,1618,0,0
Jeeves & Wooster,TV Shows,1026,351,2,0
Vocaloid,Music *a* Bands,2120,1721,1,0
Kill la Kill (Anime & Manga),Anime *a* Manga,1124,992,2,1
The Walking Dead & Related Fandoms,TV Shows,22791,20895,629,575
Mission: Impossible,Movies,1628,1171,21,5
Hunger Games Series - All Media Types,Movies,10652,9006,54,41
Big Bang (Band),Music *a* Bands,2338,2225,0,0
放·逐|Exiled (2006),Uncategorized Fandoms,0,0,0,0
Shadowhunters (TV),TV Shows,27174,26278,315,301
Wanna One (Band),Music *a* Bands,6226,6125,2,2
Backstreet Boys,Music *a* Bands,1166,1074,0,0
Tron (Movies),Movies,1063,959,3,3
The Wizard of Oz & Related Fandoms,Movies,1937,1498,11,8
Critical Role (Web Series),Other Media,12222,11982,252,243
The Hunger Games (Movies),Movies,2927,2531,30,25
Fall Out Boy,Music *a* Bands,10265,9136,2,2
Young Avengers (Comics),Cartoons *a* Comics *a* Graphic Novels,3147,2781,38,30
True Blood (TV),TV Shows,1795,1113,145,131
Tom Clancy's Rainbow Six (Video Games),Video Games,1251,1197,0,0
Fire Emblem: Soen no Kiseki/Akatsuki no Megami | Fire Emblem Path of Radiance/Radiant Dawn,Video Games,1338,1266,3,3
League of Legends RPF,Other Media,1804,1751,0,0
Marvel Cinematic Universe,Movies,323285,285754,7123,6290
Popslash,Music *a* Bands,3113,2787,0,0
X-Men - All Media Types,Movies,30433,26496,611,565
DCU,Cartoons *a* Comics *a* Graphic Novels,162018,149225,2586,2388
Yu-Gi-Oh! GX,Anime *a* Manga,1608,1493,4,3
Fast and the Furious:Hobbs and Shaw(2019),Uncategorized Fandoms,0,0,0,0
Good Omens (TV),TV Shows,20548,5477,74,13
Doctor Who (1963),TV Shows,4731,4274,43,36
New Dangan Ronpa V3: Everyone's New Semester of Killing,Anime *a* Manga,8225,7948,61,57
Dirk Gently's Holistic Detective Agency (TV 2016),TV Shows,1751,1637,10,7
IT - Stephen King,Books *a* Literature,10518,2098,1281,275
The Invincible Iron Man (2007),Uncategorized Fandoms,0,0,0,0
Rizzoli & Isles,TV Shows,1580,1424,5,5
Yu-Gi-Oh! Duel Monsters (Anime & Manga),Anime *a* Manga,8980,8108,46,42
Hellblazer & Related Fandoms,Movies,1612,752,13,3
Fate/stay night & Related Fandoms,Books *a* Literature,6279,5510,31,20
Pandora Hearts,Anime *a* Manga,1087,1017,0,0
Soul Eater,Anime *a* Manga,3506,3093,1,1
Ghostbusters - All Media Types,Movies,3156,2846,7,5
Mortal Kombat - All Media Types,Movies,1116,950,4,3
The Avengers - Ambiguous Fandom,Cartoons *a* Comics *a* Graphic Novels,168876,139909,5110,4407
Call Me By Your Name (2017),Movies,1014,744,96,94
Shoujo Kakumei Utena | Revolutionary Girl Utena,Anime *a* Manga,1042,849,6,5
Hellsing,Anime *a* Manga,1372,1080,1,0
Uncharted (Video Games),Video Games,2225,2122,11,11
Animorphs - Katherine A. Applegate,Books *a* Literature,1233,946,20,10
TOLKIEN J. R. R. - Works & Related Fandoms,Movies,62468,58035,1308,1232
Persona 5,Video Games,10414,9787,311,301
One Piece,Anime *a* Manga,17522,16594,246,213
PRATCHETT Terry - Works,Books *a* Literature,23488,6924,81,5
Fate/stay night - All Media Types,Anime *a* Manga,1212,997,7,6
The Beatles (Band),Music *a* Bands,2737,2486,21,21
Alice's Adventures in Wonderland & Related Fandoms,Books *a* Literature,2661,1920,19,6
Instructions for American Servicemen in Britain (1942),Uncategorized Fandoms,0,0,0,0
Bendy and the Ink Machine,Video Games,2652,2325,8,8
Touhou Project,Video Games,1305,1147,0,0
Star Trek: Alternate Original Series (Movies),TV Shows,28454,26154,194,176
Outlast (Video Games),Video Games,1184,1087,7,6
The A-Team - All Media Types,TV Shows,1362,1198,3,1
EXO (Band),Music *a* Bands,32091,31169,2,2
The Beatles (Band),Celebrities *a* Real People,2737,2486,21,21
Dragon Ball,Anime *a* Manga,7313,6613,10,6
The Good Place (TV),TV Shows,1006,864,4,1
DCU,Movies,162020,149227,2586,2388
X-Men (Alternate Timeline Movies),Movies,15101,13934,445,429
陈情令 | The Untamed (TV),TV Shows,2811,748,78,4
Marble Hornets,Other Media,1088,1004,13,12
Magic Kaito,Anime *a* Manga,2101,254,10,1
Transformers (Bay Movies),Movies,3158,2780,59,55
IDOLiSH7 (Video Game),Video Games,2032,1992,3,3
Outsiders - Ambiguous Fandom,Cartoons *a* Comics *a* Graphic Novels,985,887,6,6
Hellblazer & Related Fandoms,Cartoons *a* Comics *a* Graphic Novels,1612,752,13,3
Fate/Zero,Anime *a* Manga,1308,1160,3,3
偶像练习生 | Idol Producer (TV),Celebrities *a* Real People,6129,4834,0,0
Star Wars: The Clone Wars (2008) - All Media Types,Books *a* Literature,8593,8263,373,363
总有一天 (2010),Uncategorized Fandoms,0,0,0,0
DCU,TV Shows,162022,149229,2586,2388
Highlander - All Media Types,Movies,5591,3475,40,12
Heathers: The Musical - Murphy & O'Keefe,Theater,1641,405,40,6
Real Person Fiction,Celebrities *a* Real People,256345,212567,288,127
You (2019),Uncategorized Fandoms,0,0,0,0
Thunderbirds,Movies,1985,1925,3,3
Dream Daddy: A Dad Dating Simulator,Video Games,1260,1214,22,22
Bill and Max: Lost and Found in Space (2018),Uncategorized Fandoms,0,0,0,0
Star Wars Legends - All Media Types,Movies,8867,8485,138,133
Crisis Core: Final Fantasy VII,Video Games,1521,1429,52,52
On the Basis of Sex (2018),Uncategorized Fandoms,0,0,0,0
TOLKIEN J. R. R. - Works & Related Fandoms,Books *a* Literature,62469,58036,1308,1232
Rock Music RPF,Music *a* Bands,44347,35523,45,30
Pacific Rim (Movies),Movies,9686,8318,458,437
Leverage,TV Shows,6663,4613,25,2
Victorious (TV),TV Shows,1004,906,0,0
The Worst Witch (TV 2017),TV Shows,1230,1194,8,8
龍が如く | Ryuu ga Gotoku | Yakuza (Video Games),Video Games,1651,1546,26,26
The Lord of the Rings RPF,Celebrities *a* Real People,4741,4044,1,0
The Originals (TV),TV Shows,3333,2822,82,64
BioShock 1 & 2 (Video Games),Video Games,1360,1117,20,17
World of Darkness (Games),Other Media,1105,672,3,2
Kamen Rider - All Media Types,Anime *a* Manga,3937,3659,22,21
Star Wars Prequel Trilogy,Books *a* Literature,11590,10991,465,453
Game Grumps,Other Media,4038,3750,1,1
American Horror Story,TV Shows,3220,2812,31,26
Layton Kyouju Series | Professor Layton Series,Video Games,1118,1028,2,2
Dangan Ronpa - All Media Types,Video Games,21152,19829,123,116
Dangan Ronpa: Trigger Happy Havoc,Video Games,6990,6519,41,37
NINE PERCENT (Band),Music *a* Bands,3174,2014,0,0
Disney - All Media Types,Other Media,38873,31477,375,316
文豪ストレイドッグス | Bungou Stray Dogs,Anime *a* Manga,16074,15688,32,31
Peter Pan & Related Fandoms,Movies,1618,1042,5,1
Carmilla - All Media Types,Books *a* Literature,6347,5977,9,9
Under the Red Hood,Cartoons *a* Comics *a* Graphic Novels,1704,1475,24,20
Dungeons & Dragons - All Media Types,Other Media,16408,14764,260,248
Hannibal Lecter Series - All Media Types,Movies,22631,20014,395,345
The Flash - All Media Types,Cartoons *a* Comics *a* Graphic Novels,23334,22008,614,566
Inception (2010),Movies,9665,8636,9,1
Thor (Movies),Movies,44096,37297,913,776
Robin Hood - All Media Types,TV Shows,1802,1462,14,13
Danny the Dog (2005),Uncategorized Fandoms,0,0,0,0
Mission: Impossible (Movies),Movies,1570,1137,20,5
The Man From U.N.C.L.E. (TV),TV Shows,5380,5064,12,10
Love Live! School Idol Project,Anime *a* Manga,4271,2440,0,0
Batman: Arkham - All Media Types,Video Games,1036,933,18,15
Star Wars Original Trilogy,Cartoons *a* Comics *a* Graphic Novels,8027,7446,177,170
SEVENTEEN (Band),Music *a* Bands,16605,16452,1,1
Simon Snow & Related Fandoms,Books *a* Literature,4482,4280,24,22
The Avengers - Ambiguous Fandom,Movies,168877,139911,5110,4407
Five Nights at Freddy's,Video Games,2508,2025,6,6
The Silmarillion and other histories of Middle-Earth - J. R. R. Tolkien,Movies,13175,12677,120,109
悪魔城ドラキュラ | Castlevania Series,Video Games,2015,1770,39,35
Stranger Things (TV 2016),TV Shows,15475,14460,458,410
The A-Team - All Media Types,Movies,1362,1198,3,1
BLACKPINK (Band),Music *a* Bands,1423,1324,0,0
His Dark Materials - Philip Pullman,Books *a* Literature,1421,283,14,3
创造101 | Produce 101 (China TV),TV Shows,1088,863,0,0
Captain America (Comics),Cartoons *a* Comics *a* Graphic Novels,2572,2262,87,77
Glee,TV Shows,34558,32104,181,165
KAT-TUN (Band),Music *a* Bands,1790,1618,0,0
DRAMAtical Murder - All Media Types,Anime *a* Manga,3648,3507,14,14
CSI: Miami,TV Shows,1312,824,11,6
Fullmetal Alchemist: Brotherhood & Manga,Cartoons *a* Comics *a* Graphic Novels,7463,6935,43,36
RuPaul's Drag Race RPF,Celebrities *a* Real People,2593,2511,2,2
Neon Genesis Evangelion,Anime *a* Manga,1708,1450,13,11
魔道祖师 - 墨香铜臭 | Módào Zǔshī - Mòxiāng Tóngxiù,Books *a* Literature,12485,9100,320,194
Tsubasa: Reservoir Chronicle,Anime *a* Manga,2052,1901,6,4
Red Dwarf (UK TV),TV Shows,1414,1278,4,4
Star Wars Prequel Trilogy,Cartoons *a* Comics *a* Graphic Novels,11591,10992,465,453
Falsettos - Lapine/Finn,Theater,1201,1038,15,13
Transformers: Prime,Movies,5603,5348,42,40
Motorsport RPF,Celebrities *a* Real People,6419,6197,1,1
Tokio Hotel,Music *a* Bands,1223,1115,0,0
BBC Radio 1 RPF,Other Media,1860,71,2,0
Arthurian Mythology & Related Fandoms,Books *a* Literature,38372,35031,450,396
Metalocalypse (Cartoon),Cartoons *a* Comics *a* Graphic Novels,1389,1341,0,0
The Flash (Comics),Cartoons *a* Comics *a* Graphic Novels,1238,1158,21,21
Black Panther (2018),Movies,3729,3372,115,105
The Avengers - Ambiguous Fandom,TV Shows,168881,139914,5110,4407
Johnny's Entertainment,Music *a* Bands,15234,14450,0,0
Overwatch (Video Game),Video Games,33327,32266,41,36
Star Wars - All Media Types,Movies,102961,97365,2656,2582
Watchmen - All Media Types,Cartoons *a* Comics *a* Graphic Novels,1382,1238,27,27
Outlander (TV),TV Shows,1597,1497,0,0
Magi: The Labyrinth of Magic,Anime *a* Manga,2273,2073,15,12
ヒプノシスマイク | Hypnosis Mic (Albums),Music *a* Bands,2499,2451,5,3
Abrahamic Religions,Books *a* Literature,1264,666,8,1
Fantastic Beasts and Where to Find Them (Movies),Movies,11774,11247,195,186
The Mandalorian (TV),TV Shows,1078,1045,6,6
Durarara!!,Video Games,4601,4287,18,15
Fire Emblem: If | Fire Emblem: Fates,Video Games,7647,7366,20,20
弱虫ペダル | Yowamushi Pedal,Anime *a* Manga,3058,2907,10,10
Hawaii Five-0 (2010),TV Shows,15422,14303,84,80
AUSTEN Jane - Works,Books *a* Literature,1983,1351,22,5
Rooster Teeth/Achievement Hunter RPF,Celebrities *a* Real People,16633,15969,5,2
Hawkeye (Comics),Cartoons *a* Comics *a* Graphic Novels,3364,3172,46,45
Tales of Vesperia,Video Games,1127,1070,1,1
The Legend of Zelda & Related Fandoms,Video Games,10528,9373,40,34
Fairy Tail,Anime *a* Manga,11884,11049,24,18
GOT7,Music *a* Bands,11757,11438,1,1
Star Wars - All Media Types,Cartoons *a* Comics *a* Graphic Novels,102962,97366,2656,2582
Legacies (TV 2018),TV Shows,1713,1622,23,18
Far Cry (Video Games),Video Games,3167,3102,29,28
Actor RPF,Celebrities *a* Real People,69994,52182,90,19
Grand Theft Auto V,Other Media,1123,957,3,2
Chastity (1969),Uncategorized Fandoms,0,0,0,0
DBSK | Tohoshinki | TVfXQ | TVXQ,Music *a* Bands,4008,3823,2,1
Dragon Age: Origins,Video Games,10955,10673,41,39
A Court of Thorns and Roses Series - Sarah J. Maas,Books *a* Literature,2670,2609,4,4
Chilling Adventures of Sabrina (TV 2018),TV Shows,1598,1420,12,8
Persona 4,Anime *a* Manga,4458,4137,27,26
Fate/stay night - All Media Types,Video Games,1212,997,7,6
Buzzfeed Unsolved (Web Series),Other Media,2989,2523,10,3
Hannibal Lecter Series - All Media Types,Books *a* Literature,22632,20015,395,345
Wonder Woman - All Media Types,TV Shows,2392,1906,141,124
Newsies!: the Musical - Fierstein/Menken,Theater,3963,3808,3,3
Babylon 5,TV Shows,2098,1867,175,172
Simonverse | Creekwood Series - Becky Albertalli,Books *a* Literature,1048,280,5,0
NewS (Band),Music *a* Bands,1246,1115,0,0
18th Century CE RPF,Celebrities *a* Real People,1564,498,9,3
Starsky & Hutch,TV Shows,3257,3170,2,2
鬼滅の刃 | Kimetsu no Yaiba (Manga),Anime *a* Manga,3503,1374,93,23
No. 6 - All Media Types,Books *a* Literature,1237,1163,7,7
刀剣乱舞 | Touken Ranbu,Video Games,4056,3870,1,0
Torchwood,TV Shows,15516,12914,239,186
Dungeons & Dragons - All Media Types,Video Games,16410,14765,260,248
1922 (2017),Uncategorized Fandoms,0,0,0,0
Sanctuary (TV),TV Shows,2489,2112,10,6
Marvel Cinematic Universe RPF,Celebrities *a* Real People,4245,1569,11,0
Assassination Classroom,Anime *a* Manga,2025,1682,5,5
Castle (TV 2009),TV Shows,3903,3364,16,14
Welcome to Night Vale,Other Media,6930,6033,24,12
Fruits Basket,Anime *a* Manga,1254,1079,3,3
Batman: The Animated Series,Cartoons *a* Comics *a* Graphic Novels,1861,1701,8,8
Generation Kill,TV Shows,2257,1963,0,0
Team Fortress 2,Video Games,4499,4282,1,1
Grimm (TV),TV Shows,2411,2015,16,8
Agent Carter (TV),TV Shows,5721,5305,139,125
The Heroes of Olympus - Rick Riordan,Books *a* Literature,8769,8036,68,63
Until Dawn (Video Game),Video Games,1875,1747,151,149
Eddsworld - All Media Types,Other Media,2426,2326,1,1
Destiny (Video Games),Video Games,3363,3031,13,9
GAIMAN Neil - Works,Books *a* Literature,21889,5561,72,3
Marvel (Comics),Cartoons *a* Comics *a* Graphic Novels,36869,31602,672,577
Tales of Zestiria,Anime *a* Manga,1828,1787,5,5
Marvel,Movies,393529,345351,8337,7374
Norse Religion & Lore,Books *a* Literature,2181,426,42,0
Batgirl (Comics),Cartoons *a* Comics *a* Graphic Novels,1228,1137,18,15
Teenage Mutant Ninja Turtles (TV 2012),Cartoons *a* Comics *a* Graphic Novels,2309,2170,13,13
KING Stephen - Works,Books *a* Literature,11240,2534,1296,286
Mass Effect: Andromeda,Video Games,3554,3491,18,17
声入人心 | Super-Vocal (TV),Music *a* Bands,14785,14671,0,0
Justice League - All Media Types,Cartoons *a* Comics *a* Graphic Novels,3391,2899,31,22
Prison Break,TV Shows,1582,1494,7,6
Transformers Generation One,Cartoons *a* Comics *a* Graphic Novels,16240,15897,88,86
Big Hero 6 (2014),Movies,2558,2138,209,189
Warcraft - All Media Types,Cartoons *a* Comics *a* Graphic Novels,5961,5490,56,52
Warhammer 40.000,Other Media,1260,1066,14,12
Formula 1 RPF,Celebrities *a* Real People,5368,5172,1,1
Journey Into Fear (1943),Uncategorized Fandoms,0,0,0,0
Fire Emblem Echoes: Mou Hitori no Eiyuu Ou | Fire Emblem Echoes: Shadows of Valentia,Video Games,1074,1053,10,10
Smallville,TV Shows,10316,9475,62,59
Le Fantôme de l'Opéra | Phantom of the Opera & Related Fandoms,Movies,2330,1931,20,14
X-Men (Comicverse),Cartoons *a* Comics *a* Graphic Novels,5513,4843,56,47
due South,TV Shows,11824,10873,96,93
Robin Hood - All Media Types,Movies,1802,1462,14,13
Hetalia: Axis Powers,Anime *a* Manga,34650,33150,14,10
Star Wars Sequel Trilogy,Movies,48998,47206,1353,1332
Banana Bus Squad,Other Media,2186,2091,0,0
Tokusatsu,Movies,4992,4626,28,27
Yu-Gi-Oh! ARC-V,Anime *a* Manga,2049,1987,7,6
Les Misérables - Schönberg/Boublil,Books *a* Literature,2557,2421,121,118
X-Men (Original Timeline Movies),Movies,4835,4218,103,96
Uta no Prince-sama,Video Games,1757,1668,1,1
Percy Jackson and the Olympians & Related Fandoms - All Media Types,Movies,20160,17217,144,114
The Legend of Sleepy Hollow - All Media Types,Books *a* Literature,2300,2036,65,57
Star Wars: Rebellion Era - All Media Types,Movies,19893,18930,602,582
Pundit & Broadcast Journalist RPF (US),Celebrities *a* Real People,854,633,1,1
Marvel,Cartoons *a* Comics *a* Graphic Novels,393530,345353,8337,7374
Compilation of Final Fantasy VII,Video Games,10284,9152,170,155
Fantastic Four,Movies,1807,1433,13,6
Death Note (Anime & Manga),Anime *a* Manga,5543,4895,77,67
Almost Human (TV),TV Shows,1090,901,2,1
Anne with an E (TV),TV Shows,1120,519,14,6
Twilight Series - Stephenie Meyer,Books *a* Literature,5814,4732,41,25
The Transformers (IDW Generation One),Cartoons *a* Comics *a* Graphic Novels,8370,8263,72,70
Schitt's Creek,TV Shows,2273,2225,6,6
Kagerou Project,Music *a* Bands,1024,919,0,0
Captain Marvel (2019),Movies,1726,1547,53,46
Pocket Monsters | Pokemon (Anime),Anime *a* Manga,3488,3169,8,4
Earthquake Bird (2019),Uncategorized Fandoms,0,0,0,0
Unspecified Fandom,Other Media,2542,2227,4,2
Ginga Eiyuu Densetsu | Legend of the Galactic Heroes,Anime *a* Manga,1004,974,3,3
Adam Lambert (Musician),Music *a* Bands,4682,1608,1,0
Babylon 5 & Related Fandoms,TV Shows,2214,1968,177,174
Villainous (Cartoon),Cartoons *a* Comics *a* Graphic Novels,1340,1262,2,2
哪吒之魔童降世 | Né Zhā Zhī Mó Tóng Jiàng Shì (2019),Movies,1788,1767,0,0
Star Trek: The Original Series,Movies,11214,10459,68,64
SHAKESPEARE William - Works,Books *a* Literature,3693,2744,54,42
Shingeki no Kyojin | Attack on Titan,Anime *a* Manga,41998,40467,128,120
Stargate Atlantis,TV Shows,26062,23227,83,69
Metal Gear,Video Games,2924,2736,9,8
DuckTales (Cartoon 2017),Cartoons *a* Comics *a* Graphic Novels,2271,2197,2,2
Star Wars - All Media Types,Other Media,102965,97369,2657,2583
Hikaru no Go,Anime *a* Manga,1918,1783,6,6
Sense8 (TV),TV Shows,1294,1086,10,6
The Shadowhunter Chronicles - Cassandra Clare,Books *a* Literature,11647,11028,94,89
Star Wars: Rebellion Era - All Media Types,Cartoons *a* Comics *a* Graphic Novels,19893,18930,602,582
Teen Wolf (TV),TV Shows,105614,98946,4022,3784
Weiß Kreuz,Anime *a* Manga,2178,1920,3,3
Daredevil (Comics),Cartoons *a* Comics *a* Graphic Novels,1006,898,14,12
Vampire Chronicles - All Media Types,Movies,1185,1038,6,6
D.Gray-man,Anime *a* Manga,4447,4088,13,9
Numb3rs (TV),TV Shows,2215,1815,0,0
Teen Titans (Comics),Cartoons *a* Comics *a* Graphic Novels,2574,2311,20,17
Sons of Anarchy,TV Shows,2009,1724,17,8
Bandom,Music *a* Bands,48976,42311,35,32
Lego Ninjago,Other Media,1721,1632,3,2
Boruto: Naruto Next Generations,Anime *a* Manga,1077,1037,44,42
Teenage Mutant Ninja Turtles - All Media Types,TV Shows,6694,6256,20,17
BBC Radio 1 RPF,Celebrities *a* Real People,1860,71,2,0
Rick and Morty,Video Games,3633,3023,2,1
White Collar,TV Shows,7815,6527,32,22
Persona Series,Video Games,16757,15626,335,322
Ghost - Ambiguous Fandom,Anime *a* Manga,1341,1217,1,1
Finder no Hyouteki | Finder Series,Anime *a* Manga,1986,1812,4,2
Captive Prince - C. S. Pacat,Books *a* Literature,2401,2352,255,249
恋与制作人 | Liàn Yǔ Zhì Zuò Rén | Mr. Love: Queen's Choice (Video Game),Video Games,2210,2131,0,0
Gintama,Anime *a* Manga,3952,3797,3,3
凹凸世界 | AOTU Shijie | AOTU World,Cartoons *a* Comics *a* Graphic Novels,2511,2481,0,0
Vampire Chronicles - All Media Types,Books *a* Literature,1185,1038,6,6
Tron - All Media Types,Video Games,1283,1138,5,3
Power Rangers (2017),Movies,1691,1499,0,0
MS Paint Adventures,Other Media,50733,48314,99,91
第一炉香 | LOVE AFTER LOVE (2020),Uncategorized Fandoms,0,0,0,0
ATEEZ (Band),Music *a* Bands,2262,2237,2,2
Star Trek: Alternate Original Series (Movies),Movies,28454,26154,194,176
Carmilla - All Media Types,Other Media,6346,5976,9,9
魔道祖师 | Módào Zǔshī (Cartoon),Cartoons *a* Comics *a* Graphic Novels,1699,141,59,0
Bishoujo Senshi Sailor Moon | Pretty Guardian Sailor Moon,TV Shows,5140,4145,25,18
The Legend of Zelda: The Ocarina of Time,Video Games,1307,1168,8,7
The 100 (TV),TV Shows,30843,28419,626,562
Le Fantôme de l'Opéra | Phantom of the Opera & Related Fandoms,Theater,2330,1931,20,14
盜墓筆記 - 南派三叔 | The Grave Robbers' Chronicles - Xu Lei,Books *a* Literature,1517,1357,0,0
Banana Bus Squad,Celebrities *a* Real People,2186,2091,0,0
Batman - All Media Types,TV Shows,43718,39361,405,354
The Lord of the Rings - J. R. R. Tolkien,Books *a* Literature,14547,13582,73,60
American Horror Story: Coven,TV Shows,1168,1072,14,12
約束のネバーランド | Yakusoku no Neverland | The Promised Neverland (Manga),Anime *a* Manga,1160,1125,4,3
Game Grumps,Celebrities *a* Real People,4039,3751,1,1
Teenage Mutant Ninja Turtles (TV 2003),Cartoons *a* Comics *a* Graphic Novels,1568,1492,1,1
5 Seconds of Summer (Band),Music *a* Bands,8900,7884,1,0
Warriors - Erin Hunter,Books *a* Literature,1768,1557,15,14
Danger Days: The True Lives of the Fabulous Killjoys - My Chemical Romance (Album),Music *a* Bands,1365,345,0,0
Newsies - All Media Types,Theater,5239,5011,3,3
ワンパンマン | One-Punch Man,Cartoons *a* Comics *a* Graphic Novels,3539,3313,4,3
Divergent Series - Veronica Roth,Books *a* Literature,1009,828,8,8
Phandom/The Fantastic Foursome (YouTube RPF),Other Media,18087,17608,3,3
Legend of the Seeker (TV),TV Shows,1341,1231,7,6
Elementary (TV),TV Shows,2377,2046,13,9
The Amazing Spider-Man (Movies - Webb),Movies,2347,1969,27,21
Descendants (Disney Movies),Movies,3761,3212,13,6
Superman - All Media Types,Movies,16160,14724,99,92
Cabin Pressure,Other Media,3496,2822,9,7
Fallout: New Vegas,Video Games,2710,2538,5,5
Agents of S.H.I.E.L.D. (TV),TV Shows,27007,25164,502,446
Dollhouse,TV Shows,1050,665,8,5
Cinderella - All Media Types,Movies,1125,688,5,1
Chuck (TV),TV Shows,1360,979,9,5
Mortal Kombat - All Media Types,TV Shows,1116,950,4,3
DC Animated Universe (Timmverse),Cartoons *a* Comics *a* Graphic Novels,5864,5327,27,23
9-1-1 (TV),TV Shows,1850,1796,26,25
Star Trek: Deep Space Nine,TV Shows,5908,5568,50,47
Vorkosigan Saga - Lois McMaster Bujold,Books *a* Literature,2717,2505,3,3
Devil May Cry,Video Games,5166,4601,21,17
Super Mario & Related Fandoms,Video Games,2085,1224,4,1
Danny Phantom,Cartoons *a* Comics *a* Graphic Novels,4221,3214,15,7
Wolf 359 (Radio),Other Media,1490,1413,17,17
鬼滅の刃 | Demon Slayer: Kimetsu no Yaiba (Anime),Anime *a* Manga,2635,492,74,4
Pundit & Broadcast Journalist RPF (US),TV Shows,854,633,1,1
Justice League & Justice League Unlimited (Cartoons),Cartoons *a* Comics *a* Graphic Novels,1903,1676,7,6
Hey! Say! JUMP,Music *a* Bands,2632,2583,0,0
Merlin (TV),TV Shows,35638,33131,407,365
Batman (Comics),Cartoons *a* Comics *a* Graphic Novels,18703,17446,181,164
The Hobbit - All Media Types,Books *a* Literature,31626,29304,1147,1093
Tennis no Oujisama | Prince of Tennis,Anime *a* Manga,5181,4887,3,2
Warhammer - All Media Types,Books *a* Literature,1433,1206,14,12
Dragon Age - All Media Types,Cartoons *a* Comics *a* Graphic Novels,62509,60748,251,233
Resident Evil - All Media Types,Video Games,4041,3610,93,92
Lego - All Media Types,Video Games,2789,2575,9,7
Beauty and the Beast - All Media Types,Books *a* Literature,2522,1810,50,41
American Idol RPF,TV Shows,2848,1582,0,0
6 Underground (2019) Actor RPF,Uncategorized Fandoms,0,0,0,0
逆転裁判 | Gyakuten Saiban | Ace Attorney,Video Games,9448,8961,85,84
LazyTown,TV Shows,1837,1746,3,2
Saiyuki (Anime & Manga),Anime *a* Manga,3018,2801,2,1
明日方舟 | Arknights (Video Game),Video Games,1408,1386,0,0
Mass Effect - All Media Types,Video Games,21534,20459,175,169
Girl Meets World,TV Shows,2413,2204,16,11
Resident Evil - All Media Types,Cartoons *a* Comics *a* Graphic Novels,4041,3610,93,92
James Bond - All Media Types,Books *a* Literature,10910,8546,203,158
偶像练习生 | Idol Producer (TV),Music *a* Bands,6131,4835,0,0
The Walking Dead & Related Fandoms,Cartoons *a* Comics *a* Graphic Novels,22790,20894,629,575
Creepypasta - Fandom,Other Media,3235,2562,16,13
Voltron: Legendary Defender,Cartoons *a* Comics *a* Graphic Novels,71564,69537,1241,1222
闇の末裔 | Yami No Matsuei | Descendants of Darkness,Anime *a* Manga,1201,996,1,0
South Park,Movies,8735,8372,2,1
Dir en grey,Music *a* Bands,1036,1001,0,0
Digimon - All Media Types,Anime *a* Manga,3512,3116,9,9
Star Wars Legends - All Media Types,Cartoons *a* Comics *a* Graphic Novels,8867,8485,138,133
SHAKESPEARE William - Works,Theater,3693,2744,54,42
Final Fantasy XIII Series,Video Games,1810,1621,11,11
Carmilla (Web Series),Other Media,6104,5760,9,9
Spider-Man - All Media Types,Cartoons *a* Comics *a* Graphic Novels,37058,32923,685,616
Disney - All Media Types,TV Shows,38877,31481,376,317
The Legend of Zelda: Twilight Princess,Video Games,1116,982,4,3
Phandom/The Fantastic Foursome (YouTube RPF),Celebrities *a* Real People,18087,17608,3,3
Warhammer - All Media Types,Other Media,1433,1206,14,12
Grand Theft Auto V,Celebrities *a* Real People,1123,957,3,2
Fandom - Fandom,Other Media,1385,868,1,0
声入人心 | Super-Vocal (TV),Celebrities *a* Real People,14793,14679,0,0
Jurassic Park - All Media Types,Movies,2354,1857,32,21
The Hobbit (Jackson Movies),Movies,17095,15977,724,692
Romeo And Juliet - All Media Types,Theater,1361,1196,22,18
Suits (US TV),TV Shows,3992,3620,62,59
Mission: Impossible,TV Shows,1628,1171,21,5
Banana Fish (Anime & Manga),Anime *a* Manga,2182,2129,197,196
The Yogscast,Other Media,3097,2923,3,3
Tales of Series,Video Games,6360,6107,22,21
Fairy Tales & Related Fandoms,Books *a* Literature,2550,1291,12,6
特警新人类 |Gen-X Cops (1999),Uncategorized Fandoms,0,0,0,0
Wiedźmin | The Witcher (Video Game),Video Games,1921,1752,18,16
Teenage Mutant Ninja Turtles - All Media Types,Cartoons *a* Comics *a* Graphic Novels,6694,6256,20,17
The X-Files,TV Shows,16334,14782,32,25
Red Dead Redemption (Video Games),Video Games,3978,3846,175,171
The Avengers (Marvel) - All Media Types,Cartoons *a* Comics *a* Graphic Novels,165358,138904,5093,4403
Tokusatsu,TV Shows,4992,4626,28,27
Firefly,TV Shows,6943,4425,24,6
Men's Hockey RPF,Celebrities *a* Real People,12079,11766,13,11
Vampire Knight (Anime & Manga),Anime *a* Manga,1079,924,6,4
ASTRO (Band),Music *a* Bands,1578,1549,1,1
Pop Music RPF,Music *a* Bands,3537,1800,0,0
Primeval,TV Shows,3548,3223,69,65
Bandom,Celebrities *a* Real People,48976,42311,35,32
The Lord of the Rings - All Media Types,Books *a* Literature,23166,21092,167,143
Treasure Island & Related Fandoms,Movies,4676,4238,116,109
Yu-Gi-Oh! VRAINS,Anime *a* Manga,1422,1393,7,7
Hazbin Hotel (Web Series),Other Media,1461,1341,0,0
僕のヒーローアカデミア | Boku no Hero Academia | My Hero Academia,Anime *a* Manga,84277,80723,166,148
Outlander Series - Diana Gabaldon,Books *a* Literature,1982,1894,1,0
The Shadowhunter Chronicles - All Media Types,Books *a* Literature,32988,31567,353,336
Christine (1983),Uncategorized Fandoms,0,0,0,0
Lost,TV Shows,1905,1618,27,24
Vikings (TV),TV Shows,2656,2389,28,25
Twilight Series - All Media Types,Movies,8277,6400,55,32
Music RPF,Celebrities *a* Real People,53078,40861,50,30
Star Trek: The Next Generation,TV Shows,4442,3845,50,43
Fullmetal Alchemist (Anime 2003),Anime *a* Manga,2585,2446,26,24
Downton Abbey,Movies,3677,3450,58,54
The Magicians (TV),TV Shows,3307,2824,258,235
Assassin's Creed - All Media Types,Movies,8366,7379,170,136
Transformers - All Media Types,Cartoons *a* Comics *a* Graphic Novels,32319,30979,202,188
James Bond (Movies),Movies,10631,8405,200,156
Star Wars Prequel Trilogy,Video Games,11583,10983,465,453
Spider-Man (Comicverse),Cartoons *a* Comics *a* Graphic Novels,2173,1969,32,29
The Flash - All Media Types,TV Shows,23338,22012,614,566
Uta no Prince-sama,Anime *a* Manga,1757,1668,1,1
Phineas and Ferb,Cartoons *a* Comics *a* Graphic Novels,1515,1331,3,2
Winner (Band),Music *a* Bands,1173,1130,0,0
Fallout (Video Games),Video Games,12505,11838,24,21
RWBY,Cartoons *a* Comics *a* Graphic Novels,17844,16334,144,133
The Maze Runner (Movies),Movies,2539,2335,71,64
방탄소년단 | Bangtan Boys | BTS,Music *a* Bands,110234,108840,23,22
Transformers Animated (2007),Cartoons *a* Comics *a* Graphic Novels,1888,1843,10,10
Final Fantasy XIV,Video Games,6017,5892,28,28
CSI: Crime Scene Investigation,TV Shows,2813,2305,5,4
Roswell New Mexico (TV 2019),TV Shows,2624,2576,52,51
Dangan Ronpa: Trigger Happy Havoc,Anime *a* Manga,6989,6518,41,37
七つの大罪 - 鈴木央 | Nanatsu no Taizai | The Seven Deadly Sins - Suzuki Nakaba (Anime & Manga),Anime *a* Manga,1088,987,5,4
Stand Still Stay Silent,Cartoons *a* Comics *a* Graphic Novels,1303,1232,16,14
Harry Potter - J. K. Rowling,Movies,226861,203246,3740,3259
Lizzie Bennet Diaries,Other Media,1058,1002,2,2
Riverdale (TV 2017),TV Shows,11476,10916,107,105
FAKE (Manga),Anime *a* Manga,1113,1083,0,0
Call Me By Your Name (2017) RPF,Celebrities *a* Real People,1315,975,0,0
NCIS: Los Angeles,TV Shows,1634,1324,6,0
Winter Soldier (Comics),Cartoons *a* Comics *a* Graphic Novels,1753,1449,20,18
Disney Duck Universe,Cartoons *a* Comics *a* Graphic Novels,2831,2706,2,2
Love Live! School Idol Festival (Video Game),Video Games,1092,384,0,0
House M.D.,TV Shows,5445,4755,18,12
MASH (TV),TV Shows,1435,1245,4,2
门徒 | Protégé (2007),Uncategorized Fandoms,0,0,0,0
Warcraft - All Media Types,Video Games,5961,5490,56,52
The Hobbit - All Media Types,Movies,31626,29304,1147,1093
Yu-Gi-Oh! - All Media Types,Anime *a* Manga,16065,14913,64,59
Les Misérables - All Media Types,Books *a* Literature,20214,19133,594,568
看脸时代|daylight(2019),Uncategorized Fandoms,0,0,0,0
Les Misérables (2012),Movies,4969,4717,114,108
Lily C.A.T. (1987),Uncategorized Fandoms,0,0,0,0
The Incredible Hulk (2008),Cartoons *a* Comics *a* Graphic Novels,2190,1847,62,48
The Walking Dead & Related Fandoms,Video Games,22790,20894,629,575
DCU (Comics),Cartoons *a* Comics *a* Graphic Novels,44299,39965,392,338
Pretty Little Liars,TV Shows,1580,1325,4,0
low winter sun (2013),Uncategorized Fandoms,0,0,0,0
Superman - All Media Types,Cartoons *a* Comics *a* Graphic Novels,16160,14724,99,92
Digimon Adventure,Anime *a* Manga,1036,952,2,2
モブサイコ100 | Mob Psycho 100,Cartoons *a* Comics *a* Graphic Novels,5125,4910,1,1
The Mentalist,TV Shows,1882,1739,3,2
Dishonored (Video Games),Video Games,2899,2671,22,18
Pitch Perfect (Movies),Movies,5106,4857,14,13
流浪地球 | The Wandering Earth (2019),Movies,1060,1012,0,0
Ghost - Ambiguous Fandom,TV Shows,1341,1217,1,1
Broadchurch,TV Shows,1440,951,9,7
Beauty and the Beast - All Media Types,Movies,2522,1810,50,41
Tales from the Crypt Presents: Bordello of Blood (1996),Uncategorized Fandoms,0,0,0,0
Jurassic World Trilogy (Movies),Movies,1720,1417,25,16
Queer as Folk (US),TV Shows,6526,6256,37,35
In the Loop (2009) & The Thick of It,Movies,1051,807,5,4
Arthurian Mythology & Related Fandoms,TV Shows,38372,35031,450,396
Grand Theft Auto V,Video Games,1123,957,3,2
Women's Soccer RPF,Celebrities *a* Real People,3415,3358,2,2
Sherlock Holmes (Downey films),Movies,1896,1672,11,9
Highlander: The Series,TV Shows,4995,3149,35,11
Call the Midwife,TV Shows,1109,1067,3,3
The Thick of It (TV),TV Shows,1046,804,5,4
Twilight Series - All Media Types,Books *a* Literature,8277,6400,55,32
Final Fantasy XV,Video Games,23797,23215,475,462
The Book of Mormon - Ambiguous Fandom,Books *a* Literature,1005,928,1,0
The Eagle - Ambiguous Fandom,Movies,1048,963,1,1
The 100 Series - Kass Morgan,Books *a* Literature,1360,71,42,1
Captain America - All Media Types,Movies,87516,78272,1900,1692
Beauty and the Beast (2017),Movies,1188,1066,38,36
Original Work,Other Media,74687,63294,41,19
Video Blogging RPF,Celebrities *a* Real People,69366,63739,49,13
声入人心 | Super-Vocal (TV),TV Shows,14803,14689,0,0
Super Smash Brothers,Video Games,2191,832,5,0
Durarara!!,Books *a* Literature,4601,4287,18,15
Divergent - All Media Types,Movies,1241,985,11,9
Fire Emblem Heroes,Video Games,2262,2185,8,7
The Lord of the Rings - All Media Types,Movies,23166,21092,167,143
Pirates of the Caribbean (Movies),Movies,3860,2971,31,25
Fast and the Furious Series,Movies,2034,1591,28,15
Minecraft (Video Game),Video Games,1958,1278,7,4
Baseball RPF,Celebrities *a* Real People,1172,1109,0,0
Detroit: Become Human (Video Game),Video Games,17510,16835,231,224
Digimon - All Media Types,Video Games,3512,3116,9,9
Star Wars Original Trilogy,Video Games,8026,7445,177,170
13 Reasons Why (TV),TV Shows,1062,861,28,19
NCT (Band),Music *a* Bands,24535,24252,4,4
Stargate - All Media Types,TV Shows,47150,41963,177,133
Red Lights (2012),Uncategorized Fandoms,0,0,0,0
The Sentinel (TV),TV Shows,11730,10575,6,2
Teen Titans - All Media Types,Cartoons *a* Comics *a* Graphic Novels,4413,3866,23,18
Xena: Warrior Princess,TV Shows,1940,1534,9,9
Final Fantasy,Video Games,46714,44236,683,655
It's Always Sunny in Philadelphia,TV Shows,2172,2045,10,9
Outsiders - Ambiguous Fandom,Movies,985,887,6,6
Adventure Time,Cartoons *a* Comics *a* Graphic Novels,1825,1575,2,2
Dragon Age II,Video Games,14414,14064,66,62
The Legend of Sleepy Hollow - All Media Types,Movies,2300,2036,65,57
Dragon Age - All Media Types,Video Games,62510,60748,251,233
The Trials of Apollo - Rick Riordan,Books *a* Literature,1325,1234,12,11
Chronicles of Narnia - All Media Types,Movies,3852,2755,38,16
Pride and Prejudice - Jane Austen,Books *a* Literature,1267,976,2,1
American Horror Story,Movies,3221,2813,31,26
Arctic Dogs/Arctic Justice (2019),Uncategorized Fandoms,0,0,0,0
The Man From U.N.C.L.E. (2015),Movies,3034,2695,2,2
Star Wars Legends - All Media Types,Books *a* Literature,8867,8485,138,133
Terminator - All Media Types,TV Shows,1472,1111,27,24
Kingdom Hearts,Video Games,15344,13218,156,96
Star Wars: The Clone Wars (2008) - All Media Types,Video Games,8595,8265,373,363
Green Lantern - All Media Types,Cartoons *a* Comics *a* Graphic Novels,1800,1651,17,12
Resident Evil - All Media Types,Movies,4042,3611,94,93
Life on Mars (UK),TV Shows,2185,2043,2,1
Dragon Age - All Media Types,Books *a* Literature,62510,60748,251,233
Arrow (TV 2012),TV Shows,20594,19079,524,481
陈情令 | The Untamed (TV) RPF,Celebrities *a* Real People,3191,2967,1,0
Final Fantasy X,Video Games,1039,869,4,4
Thunderbirds,TV Shows,1985,1925,3,3
The Book of Mormon - Ambiguous Fandom,Theater,1005,928,1,0
The Witcher (TV),TV Shows,1557,1484,55,54
ジョジョの奇妙な冒険 | JoJo no Kimyou na Bouken | JoJo's Bizarre Adventure,Anime *a* Manga,22408,21690,311,308
Spider-Man (Tom Holland Movies),Movies,21381,19725,534,496
Scorpion (TV 2014),TV Shows,1359,1323,13,10
Durarara!!,Anime *a* Manga,4601,4287,18,15
Singer (2017) RPF,Uncategorized Fandoms,0,0,0,0
기생충 | Parasite (2019),Uncategorized Fandoms,0,0,0,0
Slender Man Mythos,Other Media,1793,1524,14,13
Kyou Kara Maou!,Anime *a* Manga,1388,1322,0,0
Hunter X Hunter,Anime *a* Manga,6210,5895,18,14
Ghostbusters (2016),Movies,2250,2106,3,2
The Blacklist (US TV),TV Shows,2396,2266,12,10
The Eagle | The Eagle of the Ninth - All Media Types,Books *a* Literature,1045,961,1,1
The Maze Runner Series - James Dashner,Books *a* Literature,4146,3846,69,63
Top Gear (UK) RPF,Celebrities *a* Real People,1114,744,0,0
The Yogscast,Celebrities *a* Real People,3097,2923,3,3
Homestuck,Cartoons *a* Comics *a* Graphic Novels,50607,48202,99,91
Dragon Age: Inquisition,Video Games,33869,33044,170,161
Sherlock Holmes & Related Fandoms,Books *a* Literature,124697,112079,1260,1144
Doki Doki Literature Club! (Visual Novel),Video Games,1247,1055,7,6
DC's Legends of Tomorrow (TV),TV Shows,11276,10531,637,590
A Song of Ice and Fire - George R. R. Martin,Books *a* Literature,35579,34019,796,767
Chronicles of Narnia - All Media Types,Books *a* Literature,3852,2755,38,16
Supernatural RPF,Celebrities *a* Real People,18674,16603,14,8
Veronica Mars - All Media Types,TV Shows,3120,2790,66,60
The Wizard of Oz & Related Fandoms,Books *a* Literature,1937,1498,11,8
Psycho-Pass,Anime *a* Manga,1195,1057,3,3
The Magnificent Seven (2016),Movies,1113,1057,13,11
Outlander & Related Fandoms,Books *a* Literature,2348,2153,1,0
Vampire Chronicles - Anne Rice,Movies,1033,938,4,4
Bishoujo Senshi Sailor Moon | Pretty Guardian Sailor Moon,Anime *a* Manga,5141,4145,25,18
My Little Pony: Friendship is Magic,Cartoons *a* Comics *a* Graphic Novels,2724,1960,7,4
Chinese Actor RPF,Celebrities *a* Real People,5034,4357,0,0
Pocket Monsters: Sun & Moon | Pokemon Sun & Moon Versions,Video Games,2419,2283,3,3
Avatar: The Last Airbender,Cartoons *a* Comics *a* Graphic Novels,10255,8188,29,15
Les Misérables - Schönberg/Boublil,Theater,2557,2421,121,118
DC Extended Universe,Movies,7530,6298,201,173
Final Fantasy VII,Video Games,8302,7343,131,119
Warcraft - All Media Types,Books *a* Literature,5962,5491,56,52
Fullmetal Alchemist - All Media Types,Anime *a* Manga,15372,14036,94,81
Tennis RPF,Celebrities *a* Real People,1274,1254,2,2
Day6 (Band),Music *a* Bands,2256,2224,1,1
The Worst Witch - All Media Types,Books *a* Literature,1366,1313,8,8
Robin (Comics),Cartoons *a* Comics *a* Graphic Novels,1289,1216,18,17
Katekyou Hitman Reborn!,Anime *a* Manga,10485,8856,50,30
The Vampire Diaries & Related Fandoms,TV Shows,13378,11594,154,117
Ant-Man (Movies),Movies,1338,1172,55,46
Discworld - Terry Pratchett,Books *a* Literature,2523,1757,14,2
Rise of the Guardians (2012),Movies,8340,5063,28,15
Tommy Ratliff (Musician),Music *a* Bands,1456,27,0,0
Fire Emblem: Fuukasetsugetsu | Fire Emblem: Three Houses,Video Games,10976,10851,84,83
Queen (Band),Music *a* Bands,4587,1985,18,5
Star Trek: Enterprise,TV Shows,4711,4551,22,22
Death Note & Related Fandoms,TV Shows,5924,5217,95,83
Jpop,Music *a* Bands,16363,15362,0,0
Final Fantasy XII,Video Games,1428,1305,3,3
Natsume Yuujinchou | Natsume's Book of Friends,Anime *a* Manga,1256,1160,2,2
Miss Fisher's Murder Mysteries,TV Shows,2711,2577,7,7
Dear Evan Hansen - Pasek & Paul/Levenson,Theater,4532,3828,26,20
The Worst Witch - All Media Types,TV Shows,1366,1313,8,8
Death Note & Related Fandoms,Movies,5924,5217,95,83
The Defenders (Marvel TV),TV Shows,1413,1272,32,28
Star Wars: Rise of Empire Era - All Media Types,Movies,17763,16896,651,634
Frozen (Disney Movies),Movies,6030,4508,17,12
Forever (TV 2014),TV Shows,1174,929,6,4
Jesus Christ Superstar Live in Concert (2018),Uncategorized Fandoms,0,0,0,0
American (US) Actor RPF,Celebrities *a* Real People,4692,2764,5,1
Camp Camp (Web Series),Cartoons *a* Comics *a* Graphic Novels,2735,2583,31,30
The Legend of Zelda & Related Fandoms,Anime *a* Manga,10528,9372,40,34
In the Flesh (TV),TV Shows,1205,1081,8,6
X1 (Korea Band),Music *a* Bands,1847,1839,0,0
Wonder Woman (Movies - Jenkins),Movies,1581,1257,135,121
Arthurian Mythology & Related Fandoms,Movies,38372,35031,450,396
Pride and Prejudice & Related Fandoms,Movies,2499,2074,6,4
Rush (2008),Uncategorized Fandoms,0,0,0,0
Hunger Games Trilogy - Suzanne Collins,Books *a* Literature,7789,6988,37,32
Dangan Ronpa 3: The End of 希望ヶ峰学園 | The End of Kibougamine Gakuen | End of Hope's Peak High School,Anime *a* Manga,1770,1689,31,30
Wiedźmin | The Witcher - All Media Types,Video Games,4253,3863,78,75
Twilight (Movies),Movies,1586,1204,8,4
Elder Scrolls,Video Games,7816,6800,40,33
刀剣乱舞 | Touken Ranbu,Anime *a* Manga,4056,3870,1,0
创造101 | Produce 101 (China TV),Celebrities *a* Real People,1089,863,0,0
Miraculous Ladybug,Anime *a* Manga,26021,24543,66,60
Mystic Messenger (Video Game),Video Games,6928,6721,23,22
Tortall - Tamora Pierce,Books *a* Literature,2276,2160,6,6
ペット (2020) | Pet (2020),Uncategorized Fandoms,0,0,0,0
Archie Comics & Related Fandoms,Cartoons *a* Comics *a* Graphic Novels,13327,12515,120,113
Zootopia (2016),Movies,3652,3258,1,0
League of Legends,Video Games,3482,3323,6,5
Sherlock Holmes & Related Fandoms,TV Shows,124698,112079,1260,1144
Brooklyn Nine-Nine (TV),TV Shows,4154,3807,6,5
The Punisher (TV 2017),TV Shows,2320,2208,27,24
Captain America (Movies),Movies,78523,72565,1736,1601
Doctor Who,TV Shows,56879,46172,835,704
Super Junior,Music *a* Bands,5210,4929,2,2
Pocket Monsters: Black & White | Pokemon Black and White Versions,Anime *a* Manga,1183,1098,4,4
The Worst Witch - All Media Types,Movies,1366,1313,8,8
Fire Emblem Series,Video Games,30959,29737,143,139
Cardcaptor Sakura,Anime *a* Manga,1049,808,4,0
Wentworth (TV),TV Shows,1535,1480,13,13
Marvel 616,Cartoons *a* Comics *a* Graphic Novels,31761,27759,580,508
Forever Knight,TV Shows,1020,842,8,5
Newsies - All Media Types,Movies,5239,5011,3,3
创造101 | Produce 101 (China TV),Music *a* Bands,1089,863,0,0
Wiedźmin | The Witcher - All Media Types,TV Shows,4253,3863,78,75
Power Rangers,TV Shows,6328,5646,27,22
A Song of Ice and Fire & Related Fandoms,Books *a* Literature,49120,46294,1509,1448
Star Wars Original Trilogy,Books *a* Literature,8026,7445,177,170
SKAM (Norway),TV Shows,6043,5688,25,25
Far Cry 5,Video Games,2441,2406,26,25
Tron - All Media Types,Movies,1283,1138,5,3
Criminal Minds (US TV),TV Shows,16680,13995,60,39
Pocket Monsters | Pokemon - All Media Types,Video Games,18984,16180,40,26
NSYNC,Music *a* Bands,1361,1195,0,0
Sleepy Hollow (TV),TV Shows,2152,1931,65,57
Dracula & Related Fandoms,Books *a* Literature,2871,2109,16,11
Guardians of the Galaxy (Movies),Movies,6847,6139,278,262
Gundam & Related Fandoms,Anime *a* Manga,7737,7187,31,26
Chronicles of Narnia - C. S. Lewis,Books *a* Literature,2827,2054,18,9
American Horror Story: Apocalypse,TV Shows,1031,960,10,9
She-Ra and the Princesses of Power (2018),Cartoons *a* Comics *a* Graphic Novels,3886,3651,27,24
K (Anime),Anime *a* Manga,3177,3006,23,23
Naruto,Anime *a* Manga,49571,45736,1528,1432
Granblue Fantasy (Video Game),Video Games,1377,1339,15,12
Sleeping Beauty - All Media Types,Movies,1344,1024,8,4
ワンパンマン | One-Punch Man,Anime *a* Manga,3540,3314,4,3
Cobra Starship,Music *a* Bands,1386,1132,0,0
Timeless (TV 2016),TV Shows,2337,2275,61,53
Dungeons & Dragons - All Media Types,Cartoons *a* Comics *a* Graphic Novels,16415,14769,260,248
The Shadowhunter Chronicles - All Media Types,TV Shows,32990,31569,353,336
Star Stable,Video Games,1346,1327,1,1
The Hobbit RPF,Celebrities *a* Real People,1443,990,1,0
League of Legends RPF,Celebrities *a* Real People,1807,1754,0,0
Fallout 3,Video Games,1549,1453,3,3
The Hobbit - All Media Types,Cartoons *a* Comics *a* Graphic Novels,31628,29306,1147,1093
Inspector Morse & Related Fandoms,Books *a* Literature,3333,3156,22,22
Love Live! Sunshine!!,Anime *a* Manga,2857,1216,0,0
Life on Mars & Related Fandoms,TV Shows,2446,2270,6,5
Rogue One: A Star Wars Story (2016),Movies,7876,7630,387,378
镇魂 | Guardian (TV),TV Shows,5296,4287,88,79
Smosh,Celebrities *a* Real People,1030,991,0,0
Coco (2017),Movies,1100,997,4,4
Jrock,Music *a* Bands,5526,5271,1,1
The Maze Runner Series - All Media Types,Books *a* Literature,5448,4949,112,97
Doctor Who RPF,Celebrities *a* Real People,1423,1079,0,0
Wynonna Earp (TV),TV Shows,4817,4576,15,14
The Avengers (Marvel Movies),Movies,140220,129012,4549,4235
Tiger & Bunny,Anime *a* Manga,1212,1155,0,0
Deadpool (Comics),Cartoons *a* Comics *a* Graphic Novels,1501,1304,5,3
Life Is Strange (Video Game),Video Games,4914,4523,60,52
Produce 101 (TV),Music *a* Bands,4554,4348,1,1
Justified,TV Shows,1096,977,7,5
Produce 101 (TV),TV Shows,4554,4348,1,1
Ouran High School Host Club - All Media Types,Anime *a* Manga,2715,2170,3,1
Marvel,TV Shows,393552,345372,8337,7374
Cats Film (1998),Uncategorized Fandoms,0,0,0,0
Bohemian Rhapsody (Movie 2018),Movies,2746,105,15,2
Figure Skating RPF,Celebrities *a* Real People,4057,3913,25,25
Haikyuu!!,Anime *a* Manga,56192,54548,23,14
Parahumans Series - Wildbow,Books *a* Literature,1054,736,9,3
Friends at the Table (Podcast),Other Media,1279,1274,13,13
Dead by Daylight (Video Game),Video Games,1671,1416,2,2
The Legend of Zelda: Breath of the Wild,Video Games,4210,3980,21,20
Miraculous Ladybug,Cartoons *a* Comics *a* Graphic Novels,26020,24542,66,60
The Librarians (TV 2014),TV Shows,2224,1922,10,7
Fallout 4,Video Games,8368,8095,17,16
Constantine (TV),TV Shows,1007,507,8,2
Mortal Kombat - All Media Types,Video Games,1116,950,4,3
Doctor Who,Books *a* Literature,56879,46172,835,704
Ghost - Ambiguous Fandom,Music *a* Bands,1341,1217,1,1
Star Wars Prequel Trilogy,Movies,11583,10983,465,453
Treasure Island & Related Fandoms,Books *a* Literature,4676,4238,116,109
Eyewitness (US TV),TV Shows,1080,1057,2,2
Servamp (Anime & Manga),Anime *a* Manga,1008,934,1,0
Wiedźmin | The Witcher - All Media Types,Books *a* Literature,4253,3863,78,75
The Fosters (TV 2013),TV Shows,1037,908,2,1
Battlestar Galactica (2003),TV Shows,5489,4839,36,31
Black Widow (Comics),Cartoons *a* Comics *a* Graphic Novels,1306,1082,20,17
Star Wars - All Media Types,Video Games,102964,97367,2657,2583
The Evil Within (Video Game),Video Games,1234,1159,2,2
Stray Kids (Band),Music *a* Bands,9415,9302,1,1
Panic! at the Disco,Music *a* Bands,8039,6917,2,2
Red Robin (Comics),Cartoons *a* Comics *a* Graphic Novels,2896,2727,22,22
Infinite (Band),Music *a* Bands,2138,2092,0,0
Dragon Age (Video Games),Video Games,56886,55430,242,226
Thor (Comics),Cartoons *a* Comics *a* Graphic Novels,1585,1252,28,22
Fate/Zero,Books *a* Literature,1308,1160,3,3
Tales of Arcadia (Cartoons),Cartoons *a* Comics *a* Graphic Novels,1393,1058,12,9
Dangan Ronpa - All Media Types,Anime *a* Manga,21158,19834,123,116
Dungeons & Dragons (Roleplaying Game),Books *a* Literature,3928,2649,12,9
Green Lantern (Comics),Cartoons *a* Comics *a* Graphic Novels,1016,932,11,9
the GazettE (Band),Music *a* Bands,2077,2044,0,0
Super Sentai Series,TV Shows,2009,1833,10,9
The Incredible Hulk (2008),Movies,2190,1847,62,48
Yu-Gi-Oh! 5D's,Anime *a* Manga,1052,962,9,8
Historical RPF,Celebrities *a* Real People,5548,2527,27,9
Buffy the Vampire Slayer (TV),TV Shows,29508,18419,201,82
Sonic the Hedgehog - All Media Types,Video Games,3431,2744,17,14
Star Wars Original Trilogy,Movies,8026,7445,177,170
Veronica Mars - All Media Types,Movies,3120,2790,66,60
Breaking Bad,TV Shows,1307,1074,12,11
Stardew Valley (Video Game),Video Games,1859,1749,2,1
American Idol RPF,Celebrities *a* Real People,2848,1582,0,0
Ensemble Stars! (Video Game),Video Games,4404,4333,2,2
Akatsuki no Yona | Yona of the Dawn,Anime *a* Manga,1528,1477,6,6
Grey's Anatomy,TV Shows,3535,3096,43,40
The Legend of Zelda & Related Fandoms,Cartoons *a* Comics *a* Graphic Novels,10529,9372,40,34
Star Trek: Voyager,TV Shows,7763,7451,73,70
Ookiku Furikabutte | Big Windup!,Anime *a* Manga,1011,965,0,0
Borderlands (Video Games),Video Games,5435,5213,45,45
Highlander - All Media Types,TV Shows,5591,3475,40,12
Revolution (TV),TV Shows,2234,2147,29,28
Sherlock Holmes - Arthur Conan Doyle,Books *a* Literature,5847,5260,27,18
Castlevania (Cartoon),Cartoons *a* Comics *a* Graphic Novels,1076,1014,34,32
Mumintroll | Moomins Series - Tove Jansson,Books *a* Literature,1312,434,0,0
天官赐福 - 墨香铜臭 | Tiān Guān Cì Fú - Mòxiāng Tóngxiù,Books *a* Literature,1820,1603,45,39
The Walking Dead (TV),TV Shows,19078,17702,577,530
江湖 | Blood Brothers (2004),Uncategorized Fandoms,0,0,0,0
Orphan Black (TV),TV Shows,3793,3559,24,23
Stargate SG-1,TV Shows,22396,19895,108,75
CSI: NY,TV Shows,1187,762,4,2
BUJOLD Lois McMaster - Works,Books *a* Literature,2864,2640,3,3
Jurassic Park - All Media Types,Books *a* Literature,2354,1857,32,21
Batman and Robin (Comics),Cartoons *a* Comics *a* Graphic Novels,1348,1290,10,10
The Umbrella Academy (TV),TV Shows,6494,5653,438,387
Archie Comics & Related Fandoms,TV Shows,13328,12516,120,113
ノラガミ | Noragami (Anime & Manga),Anime *a* Manga,1165,987,4,3
Glee RPF,Celebrities *a* Real People,1994,1721,1,0
Pocket Monsters: Black & White | Pokemon Black and White Versions,Video Games,1183,1098,4,4
Star Trek,Movies,63646,58676,496,461
Kingsman (Movies),Movies,9693,8735,979,934
Watchmen - All Media Types,Movies,1382,1238,27,27
Archie Comics & Related Fandoms,Movies,13328,12516,120,113
古剑奇谭 | Gujian Qitan (Video Games),Video Games,1113,1087,1,1
The Vampire Diaries & Related Fandoms,Books *a* Literature,13378,11594,154,117
Turn (TV 2014),TV Shows,1225,905,13,10
Mass Effect - All Media Types,Movies,21534,20459,175,169
Chinese Comedian RPF,Celebrities *a* Real People,6530,6448,0,0
Vampire Chronicles - Anne Rice,Books *a* Literature,1033,938,4,4
Star Wars: The Clone Wars (2008) - All Media Types,Movies,8597,8267,373,363
Batman - All Media Types,Cartoons *a* Comics *a* Graphic Novels,43723,39365,405,354
19天 - Old先 | 19 Days - Old Xian,Cartoons *a* Comics *a* Graphic Novels,1086,1074,0,0
Steven Universe (Cartoon),Cartoons *a* Comics *a* Graphic Novels,15564,14239,24,22
K-pop,Music *a* Bands,269932,265406,44,41
JJ Project,Music *a* Bands,1070,1061,1,1
Rooster Teeth/Achievement Hunter RPF,Other Media,16633,15969,5,2
Kuroko no Basuke | Kuroko's Basketball,Anime *a* Manga,19726,18728,21,15
Plymouth (1991),Uncategorized Fandoms,0,0,0,0
Camp Camp (Web Series),Other Media,2735,2583,31,30
SHINee,Music *a* Bands,4547,4402,0,0
Invader Zim,Cartoons *a* Comics *a* Graphic Novels,1874,1655,2,1
Once Upon a Time (TV),TV Shows,44910,42069,437,373
Red Velvet (K-pop Band),Music *a* Bands,1986,1869,0,0
An Extremely Goofy Movie (2000),Uncategorized Fandoms,0,0,0,0
Bishoujo Senshi Sailor Moon | Pretty Guardian Sailor Moon (Anime & Manga),Anime *a* Manga,2056,1786,13,11
Call Me By Your Name - All Media Types,Books *a* Literature,1263,845,100,97
Gundam Wing,Anime *a* Manga,6052,5628,11,7
Kuroshitsuji | Black Butler,Anime *a* Manga,8388,7470,22,21
Star Wars Legends: The Old Republic (Video Game),Video Games,3983,3835,26,26
Robin Hood - All Media Types,Books *a* Literature,1802,1462,14,13
Angel: the Series,TV Shows,9871,4726,90,33
X-Men (Movieverse),Movies,24594,22082,590,551
Rick and Morty,Cartoons *a* Comics *a* Graphic Novels,3633,3023,2,1
Star Wars: Rebels,Cartoons *a* Comics *a* Graphic Novels,4590,4434,89,84
Code Geass,Anime *a* Manga,1722,1486,24,20
Raven Cycle - Maggie Stiefvater,Books *a* Literature,6345,6145,88,85
Be More Chill - Iconis/Tracz,Theater,6300,5367,11,4
Harry Potter and the Cursed Child - Thorne & Rowling,Theater,2343,2265,48,46
Persona 3,Video Games,2409,2213,37,34
Avengers (Comics),Cartoons *a* Comics *a* Graphic Novels,6719,6283,182,178
DUMAS Alexandre - Works,Books *a* Literature,6023,5655,16,14
Ao no Exorcist | Blue Exorcist,Anime *a* Manga,1983,1674,15,13
DC Extended Universe,Cartoons *a* Comics *a* Graphic Novels,7530,6298,201,173
Disney - All Media Types,Movies,38884,31487,376,317
Political RPF - US 21st c.,Celebrities *a* Real People,1024,818,4,2
The Arcana (Visual Novel),Video Games,3193,3140,2,2
Star Wars: Rebellion Era - All Media Types,Books *a* Literature,19893,18930,602,582
All Time Low (Band),Music *a* Bands,1370,974,0,0
Cinderella - All Media Types,Books *a* Literature,1125,688,5,1
Sports RPF,Celebrities *a* Real People,45397,44226,57,54
A Song of Ice and Fire & Related Fandoms,TV Shows,49119,46293,1509,1448
Gravity Falls,Cartoons *a* Comics *a* Graphic Novels,15612,13343,42,32
Biohazard | Resident Evil (Gameverse),Video Games,3423,3147,78,77
Veronica Mars (TV),TV Shows,2850,2549,62,56
Star vs. The Forces Of Evil,Cartoons *a* Comics *a* Graphic Novels,1828,1579,5,4
Grand Theft Auto Series (Video Games),Video Games,1255,1050,4,2
Supernatural,TV Shows,215812,197841,2700,2437
Arashi (Band),Music *a* Bands,5639,5306,0,0
第五人格 | Identity V (Video Game),Video Games,2433,2247,0,0
Final Fantasy X & Final Fantasy X-2,Video Games,1401,1192,4,4
James Bond - All Media Types,Movies,10911,8547,203,158
Mass Effect - All Media Types,Books *a* Literature,21541,20466,175,169
Psych (TV 2006),TV Shows,2527,2108,4,2
Dragon Age - All Media Types,Movies,62517,60755,251,233
Sonic the Hedgehog - All Media Types,Cartoons *a* Comics *a* Graphic Novels,3431,2744,17,14
BanG Dream! (Anime),Anime *a* Manga,1011,15,1,0
Star Trek: The Original Series,TV Shows,11216,10461,68,64
Spartacus Series (TV),TV Shows,2296,2190,31,30
Star Trek,TV Shows,63646,58676,496,461
How to Train Your Dragon (Movies),Movies,6327,3262,30,12
Fate/stay night & Related Fandoms,Anime *a* Manga,6273,5505,31,20
Monsta X (Band),Music *a* Bands,9208,9067,5,4
Young Justice (Cartoon),Cartoons *a* Comics *a* Graphic Novels,7741,7137,108,96
Call Me By Your Name - All Media Types,Movies,1263,845,100,97
終わりのセラフ | Owari no Seraph | Seraph of the End,Anime *a* Manga,4937,4753,3,2
Inspector Morse & Related Fandoms,TV Shows,3333,3156,22,22
Pocket Monsters | Pokemon (Main Video Game Series),Video Games,10535,9783,20,20
Hope Springs (2009),Uncategorized Fandoms,0,0,0,0
美男高校地球防衛部LOVE! | Binan Koukou Chikyuu Bouei-bu LOVE!,Anime *a* Manga,1257,1160,2,2
Bishoujo Senshi Sailor Moon | Pretty Guardian Sailor Moon,Theater,5142,4146,25,18
教主和小师妹的故事 | Sect Leader and Little Shimei's Story (2019),Uncategorized Fandoms,0,0,0,0
Splatoon,Video Games,1804,1669,1,0
Red vs. Blue,Other Media,9091,8683,31,30
Final Fantasy XIII,Video Games,1269,1148,4,4
Batman v Superman: Dawn of Justice,Movies,1926,1702,28,26
iKON (Korea Band),Music *a* Bands,2218,2176,0,0
Homestuck,Other Media,50608,48203,99,91
Person of Interest (TV),TV Shows,8743,7978,214,201
Doctor Who & Related Fandoms,TV Shows,71613,58552,1014,839
B.A.P,Music *a* Bands,2447,2397,0,0
Digimon Adventure Zero Two | Digimon Adventure 02,Anime *a* Manga,1389,1306,3,3
South Park,Cartoons *a* Comics *a* Graphic Novels,8736,8373,2,1
おそ松さん | Osomatsu-san (Anime),Anime *a* Manga,6625,6485,5,5
Iron Man (Movies),Movies,37399,31917,1079,938
Parks and Recreation,TV Shows,1784,1576,1,0
Pride and Prejudice & Related Fandoms,Books *a* Literature,2499,2074,6,4
Tatort,TV Shows,1303,1289,11,11
Check Please! (Webcomic),Cartoons *a* Comics *a* Graphic Novels,9475,9271,10,9
Strange Magic (2015),Movies,1032,976,0,0
Star Wars - All Media Types,Books *a* Literature,102966,97369,2657,2583
The Flash (TV 2014),TV Shows,21738,20517,597,551
Transformers: Prime,Cartoons *a* Comics *a* Graphic Novels,5604,5349,42,40
The Mortal Instruments Series - Cassandra Clare,Books *a* Literature,8688,8220,73,68
General Hospital,TV Shows,1135,943,5,5
Fullmetal Alchemist: Brotherhood & Manga,Anime *a* Manga,7464,6936,43,36
Kanjani8 (Band),Music *a* Bands,1549,1471,0,0
Assassin's Creed - All Media Types,Other Media,8367,7380,170,136
Robin Hood (BBC 2006),TV Shows,1355,1177,13,13
名探偵コナン | Detective Conan | Case Closed,Anime *a* Manga,4770,2756,16,7
Yuri!!! on Ice (Anime),Anime *a* Manga,35257,34147,28,23
Percy Jackson and the Olympians - Rick Riordan,Books *a* Literature,14345,12390,119,93
No. 6 - All Media Types,Anime *a* Manga,1237,1163,7,7
Mahou Shoujo Madoka Magika | Puella Magi Madoka Magica,Anime *a* Manga,2167,1491,20,10
Harry Potter - J. K. Rowling,Video Games,226885,203269,3740,3259
The Voice RPF,Celebrities *a* Real People,1214,814,6,0
Lego - All Media Types,Other Media,2789,2575,9,7
Warehouse 13,TV Shows,2387,1923,58,49
New Dangan Ronpa V3: Everyone's New Semester of Killing,Video Games,8225,7948,61,57
Outsiders - Ambiguous Fandom,Books *a* Literature,985,887,6,6
Outsiders - Ambiguous Fandom,TV Shows,985,887,6,6
Pocket Monsters: Sword & Shield | Pokemon Sword & Shield Versions,Video Games,1491,1456,1,1
X-Men - All Media Types,Cartoons *a* Comics *a* Graphic Novels,30434,26496,611,565
British Actor RPF,Celebrities *a* Real People,9581,6312,5,0
Star Trek: Discovery,TV Shows,2605,2553,102,101
Shameless (US),TV Shows,11421,11190,104,102
xxxHoLic,Anime *a* Manga,1302,1063,9,7
Heroes (TV 2006),TV Shows,3284,2844,13,11
NU'EST,Music *a* Bands,1815,1779,2,2
DRAMAtical Murder - All Media Types,Video Games,3648,3507,14,14
Batman: Arkham - All Media Types,Cartoons *a* Comics *a* Graphic Novels,1036,933,18,15
BanG Dream! Girl's Band Party! (Video Game),Video Games,2219,1179,1,0
